INSERT INTO MODALIDADE VALUES ('RAD','Radiologia');
INSERT INTO MODALIDADE VALUES ('TAC','Tomografia Computorizada');
INSERT INTO MODALIDADE VALUES ('REM','Ressonância Magnética');
INSERT INTO MODALIDADE VALUES ('ECO','Ecotomografia');


INSERT INTO TIPO VALUES ('RAD01', 'Mamografia', 35,'RAD');
INSERT INTO TIPO VALUES ('RAD02', 'Abdomen', 18,'RAD');
INSERT INTO TIPO VALUES ('RAD03', 'Anca', 12,'RAD');
INSERT INTO TIPO VALUES ('RAD04', 'Bacia', 12,'RAD');
INSERT INTO TIPO VALUES ('RAD05', 'Coluna Cervical', 21,'RAD');
INSERT INTO TIPO VALUES ('RAD06', 'Coluna Lombar', 26.5,'RAD');
INSERT INTO TIPO VALUES ('RAD07', 'Coluna Sagrada', 9,'RAD');
INSERT INTO TIPO VALUES ('RAD08', 'Coluna Vertebral', 20,'RAD');
INSERT INTO TIPO VALUES ('RAD09', 'Fémur', 12,'RAD');
INSERT INTO TIPO VALUES ('RAD10', 'Crânio', 18,'RAD');
INSERT INTO TIPO VALUES ('RAD11', 'Intestino Delgado', 55,'RAD');
INSERT INTO TIPO VALUES ('RAD12', 'Intestino Grosso', 40,'RAD');
INSERT INTO TIPO VALUES ('RAD13', 'Mandibula', 6,'RAD');
INSERT INTO TIPO VALUES ('RAD14', 'Mão', 8,'RAD');
INSERT INTO TIPO VALUES ('RAD15', 'Joelho', 8.5,'RAD');
INSERT INTO TIPO VALUES ('RAD16', 'Pé', 8,'RAD');
INSERT INTO TIPO VALUES ('RAD17', 'Intestino Delgado', 55,'RAD');
INSERT INTO TIPO VALUES ('RAD18', 'Osteodensitometria', 75,'RAD');
INSERT INTO TIPO VALUES ('RAD19', 'Sialografia', 45,'RAD');
INSERT INTO TIPO VALUES ('RAD20', 'Torax, Pulmão e Coração', 28.5,'RAD');
INSERT INTO TIPO VALUES ('RAD21', 'Urografia endovenos minutada', 106,'RAD');

INSERT INTO TIPO VALUES ('TAC01', 'AngioTC Membros Inferiores', 225,'TAC');
INSERT INTO TIPO VALUES ('TAC02', 'AngioTC Membros Superiores', 225,'TAC');
INSERT INTO TIPO VALUES ('TAC03', 'AngioTC Abdominal', 150,'TAC');
INSERT INTO TIPO VALUES ('TAC04', 'AngioTC Cardíaco', 200,'TAC');
INSERT INTO TIPO VALUES ('TAC05', 'AngioTC Torácica', 150,'TAC');
INSERT INTO TIPO VALUES ('TAC06', 'TAC Abdomén', 95,'TAC');
INSERT INTO TIPO VALUES ('TAC07', 'TAC Análise Pulmonar', 200,'TAC');
INSERT INTO TIPO VALUES ('TAC08', 'TAC Bacia', 95,'TAC');
INSERT INTO TIPO VALUES ('TAC09', 'TAC Colonoscopia Virtual', 230,'TAC');
INSERT INTO TIPO VALUES ('TAC10', 'TAC Estudos Cardíacos', 200,'TAC');
INSERT INTO TIPO VALUES ('TAC11', 'TAC Ouvidos/Mastoides', 95,'TAC');
INSERT INTO TIPO VALUES ('TAC12', 'TAC Score Cálcio', 75,'TAC');
INSERT INTO TIPO VALUES ('TAC13', 'TAC Membros', 95,'TAC');
INSERT INTO TIPO VALUES ('TAC14', 'TAC Torax', 95,'TAC');
INSERT INTO TIPO VALUES ('TAC15', 'TAC Coluna Cervico-Dorsal', 95,'TAC');

INSERT INTO TIPO VALUES ('REM01', 'RM Articular', 225,'REM');
INSERT INTO TIPO VALUES ('REM02', 'RM Crânio-encefálica', 225,'REM');
INSERT INTO TIPO VALUES ('REM03', 'RM Coluna Cervical', 225,'REM');
INSERT INTO TIPO VALUES ('REM04', 'RM Coluna Dorsal', 225,'REM');
INSERT INTO TIPO VALUES ('REM05', 'RM Coluna Lombar', 225,'REM');
INSERT INTO TIPO VALUES ('REM06', 'RM Abdómen', 225,'REM');
INSERT INTO TIPO VALUES ('REM07', 'RM Maxilo-facial', 225,'REM');

INSERT INTO TIPO VALUES ('ECO01', 'Bexiga', 25,'ECO');
INSERT INTO TIPO VALUES ('ECO02', 'Ginecológica', 30,'ECO');
INSERT INTO TIPO VALUES ('ECO03', 'Mamária', 27,'ECO');
INSERT INTO TIPO VALUES ('ECO04', 'Obstétrica', 30,'ECO');
INSERT INTO TIPO VALUES ('ECO05', 'Peniana', 40,'ECO');
INSERT INTO TIPO VALUES ('ECO06', 'Prostática', 55,'ECO');
INSERT INTO TIPO VALUES ('ECO07', 'Renal Suprarenal', 30,'ECO');
INSERT INTO TIPO VALUES ('ECO08', 'Tiroideia', 25,'ECO');
INSERT INTO TIPO VALUES ('ECO09', 'Abdominal', 30,'ECO');
INSERT INTO TIPO VALUES ('ECO10', 'Endovaginal', 40,'ECO');

INSERT INTO SALA VALUES ('U001','Consultas','0');
INSERT INTO SALA VALUES ('U002','Consultas','0');
INSERT INTO SALA VALUES ('U003','Consultas','0');
INSERT INTO SALA VALUES ('U004','Consultas','0');
INSERT INTO SALA VALUES ('U005','Consultas','0');
INSERT INTO SALA VALUES ('U006','Consultas','0');
INSERT INTO SALA VALUES ('U007','Consultas','0');
INSERT INTO SALA VALUES ('U008','Consultas','0');
INSERT INTO SALA VALUES ('U009','Consultas','0');
INSERT INTO SALA VALUES ('U010','Diagnóstico','0');
INSERT INTO SALA VALUES ('U011','Diagnóstico','0');
INSERT INTO SALA VALUES ('U101','Consultas','1');
INSERT INTO SALA VALUES ('U102','Consultas','1');
INSERT INTO SALA VALUES ('U103','Consultas','1');
INSERT INTO SALA VALUES ('U104','Consultas','1');
INSERT INTO SALA VALUES ('U105','Consultas','1');
INSERT INTO SALA VALUES ('U106','Consultas','1');
INSERT INTO SALA VALUES ('U107','Diagnóstico','1');
INSERT INTO SALA VALUES ('U108','Diagnóstico','1');
INSERT INTO SALA VALUES ('U109','Diagnóstico','1');
INSERT INTO SALA VALUES ('D101','Diagnóstico','-1');
INSERT INTO SALA VALUES ('D102','Diagnóstico','-1');
INSERT INTO SALA VALUES ('D103','Diagnóstico','-1');
INSERT INTO SALA VALUES ('D104','Diagnóstico','-1');
INSERT INTO SALA VALUES ('D105','Diagnóstico','-1');
INSERT INTO SALA VALUES ('D106','Diagnóstico','-1');
INSERT INTO SALA VALUES ('D107','Diagnóstico','-1');
INSERT INTO SALA VALUES ('U201','Diagnóstico','2');
INSERT INTO SALA VALUES ('U202','Diagnóstico','2');
INSERT INTO SALA VALUES ('U203','Diagnóstico','2');
INSERT INTO SALA VALUES ('U204','Diagnóstico','2');
INSERT INTO SALA VALUES ('U205','Diagnóstico','2');
INSERT INTO SALA VALUES ('U206','Diagnóstico','2');
INSERT INTO SALA VALUES ('U207','Diagnóstico','2');
INSERT INTO SALA VALUES ('U208','Diagnóstico','2');

INSERT INTO MORADA VALUES ('M1','4720-620',72,'','Prozelo AMR','Rua Abílio da Cunha Alves');
INSERT INTO MORADA VALUES ('M2','4720-010',7,'','Prozelo AMR','Rua de Ancede');
INSERT INTO MORADA VALUES ('M3','4720-451',5,'','Fiscal','Rua Passos de Baixo');
INSERT INTO MORADA VALUES ('M4','4720-632',41,'','Rendufe','Rua do Rio Tinto');
INSERT INTO MORADA VALUES ('M5','4720-637',6,'1D','Bouro (Santa Maria)','Rua Fonte da Obra');
INSERT INTO MORADA VALUES ('M6','4750-774',1,'','Ucha','Carreiro de Vieiros');
INSERT INTO MORADA VALUES ('M7','4750-768',1,'','Ucha','Rua da Gandra ');
INSERT INTO MORADA VALUES ('M8','4750-627',9,'','Perelhal','Rua 25 de Abril');
INSERT INTO MORADA VALUES ('M9','4750-471',73,'','Galegos (Santa Maria)','Rua da Portela');
INSERT INTO MORADA VALUES ('M10','4715-445',12,'','Braga','Rua 1º Dezembro');
INSERT INTO MORADA VALUES ('M11','4705-474',45,'2C','Esporões','Rua 10 de Outubro');
INSERT INTO MORADA VALUES ('M12','4715-665',15,'','Braga','Rua dos Pinheiros');
INSERT INTO MORADA VALUES ('M13','4715-276',4,'','Braga','Rua dos Nenúfares');
INSERT INTO MORADA VALUES ('M14','4715-251',12,'','Braga','Rua das Camélias');
INSERT INTO MORADA VALUES ('M15','4715-343',18,'1E','Braga','Travessa José António Cruz');
INSERT INTO MORADA VALUES ('M16','4715-448',1,'','Braga','Travessa do Rio Mau');
INSERT INTO MORADA VALUES ('M17','4715-619',20,'','Braga','Beco do Gatão');
INSERT INTO MORADA VALUES ('M18','4715-665',12,'','Braga','Rua da Leiria');
INSERT INTO MORADA VALUES ('M19','4715-119',63,'3E','Braga','Avenida Doutor Francisco Salgado Zenha');
INSERT INTO MORADA VALUES ('M20','4715-119',63,'1E','Braga','Avenida Doutor Francisco Salgado Zenha');
INSERT INTO MORADA VALUES ('M21','4715-119',181,'2D','Braga','Avenida Doutor Francisco Salgado Zenha');
INSERT INTO MORADA VALUES ('M22','4835-065',83,'1D','Guimarães','Rua do Mercado Municipal');
INSERT INTO MORADA VALUES ('M23','4835-014',44,'','Guimarães','Rua André Manuel Dias Ferreira');
INSERT INTO MORADA VALUES ('M24','4835-612',3,'','Guimarães','Travessa do Paraíso');
INSERT INTO MORADA VALUES ('M25','4835-259',61,'','Guimarães','Rua do Ave');
INSERT INTO MORADA VALUES ('M26','4835-624',42,'','Guimarães','Rua Calçada da Igreja');
INSERT INTO MORADA VALUES ('M27','4835-065',12,'1E','Guimarães','Rua do Mercado Municipal');
INSERT INTO MORADA VALUES ('M28','4760-111',61,'','Vila Nova de Famalicão','Alameda Dona Maria II');
INSERT INTO MORADA VALUES ('M29','4760-679',13,'','Vila Nova de Famalicão','Rua de São Mateus');
INSERT INTO MORADA VALUES ('M30','4760-231',4,'','Vila Nova de Famalicão','Travessa Almeida Garrett');
INSERT INTO MORADA VALUES ('M31','4760-689',7,'0C','Vila Nova de Famalicão','Rua de Nossa Senhora de Fátima');
INSERT INTO MORADA VALUES ('M32','4760-085',12,'','Vila Nova de Famalicão','Rua de Vilar');
INSERT INTO MORADA VALUES ('M33','4760-106',81,'1D','Vila Nova de Famalicão','Travessa Carlos Bacelar');
INSERT INTO MORADA VALUES ('M34','4750-766',80,'','Ucha','Rua 10 de Junho');
INSERT INTO MORADA VALUES ('M35','4740-209',64,'','Esposende','Rua do Mouchinho');
INSERT INTO MORADA VALUES ('M36','4740-231',5,'1C','Esposende','Rua Cidade do Porto');
INSERT INTO MORADA VALUES ('M37','4740-207',30,'','Esposende','Travessa Rocha Gonçalves');
INSERT INTO MORADA VALUES ('M38','4740-522',41,'','Esposende','Travessa Pedreira de Xisto');
INSERT INTO MORADA VALUES ('M39','4740-522',2,'','Esposende','Rua Sêtorre');
INSERT INTO MORADA VALUES ('M40','4730-062',21,'','Barbudo','Rua 25 de Abril');
INSERT INTO MORADA VALUES ('M41','4730-029',3,'1E','Barbudo','Rua do Professor');
INSERT INTO MORADA VALUES ('M42','4730-028',11,'','Torrão','Praça das Comunidades Geminadas');

INSERT INTO MEDICO VALUES ('MD0001','Manuel', 'Jacinto Silva', '10101', '14258665', '963874830', '1975-06-03', 'M6', 'CAS');
INSERT INTO MEDICO VALUES ('MD0002','Luísa', 'Ferreira Duarte', '12342', '14781963', '965875780', '1978-09-05', 'M6', 'CAS');
INSERT INTO MEDICO VALUES ('MD0003','Marco', 'da Silva Costa', '20589', '15968741', '918796542', '1980-05-21', 'M1', 'DIV');
INSERT INTO MEDICO VALUES ('MD0004','Maria', 'da Conceição Alves Pereira', '10098', '13968788', '968974654', '1960-03-20', 'M16', 'VIU');
INSERT INTO MEDICO VALUES ('MD0005','André', 'Lopes Vieria', '20596', '15745296', '936574852', '1988-01-05', 'M30', 'SOL');
INSERT INTO MEDICO VALUES ('MD0006','Vitor', 'Maia Gonçalves', '17509', '14123658', '928743581', '1990-02-10', 'M15', 'SOL');
INSERT INTO MEDICO VALUES ('MD0007','Matilde', 'Pinto Oliveira', '15869', '13741983', '968742315', '1974-08-13', 'M9', 'CAS');
INSERT INTO MEDICO VALUES ('MD0008','José', 'Anjo Mineiro', '15770', '13748965', '967421580', '1974-11-01', 'M9', 'CAS');
INSERT INTO MEDICO VALUES ('MD0009','Rafael', 'Gomes Tomé', '25012', '14753206', '934875031', '1991-07-30', 'M12', 'SOL');
INSERT INTO MEDICO VALUES ('MD0010','Raquel', 'Costa Ventura', '17542', '14803164', '924703314', '1986-12-28', 'M20', 'SEP');
INSERT INTO MEDICO VALUES ('MD0011','Jacinta', 'de Andrade Lima', '12087', '13007891', '968710024', '1965-10-19', 'M25', 'CAS');
INSERT INTO MEDICO VALUES ('MD0012','Duarte', 'Sousa Correia', '26314', '15987420', '914455097', '1989-04-30', 'M17', 'CAS');
INSERT INTO MEDICO VALUES ('MD0013','Ulisses', 'Cardoso Campos', '15789', '13204896', '917420699', '1981-02-21', 'M13', 'SOL');
INSERT INTO MEDICO VALUES ('MD0014','Joana', 'da Silva Fernandes', '22036', '14788552', '932846753', '1987-06-12', 'M31', 'DIV');
INSERT INTO MEDICO VALUES ('MD0015','João', 'Rosa Freitas', '15743', '13477200', '963100257', '1973-08-01', 'M11', 'SEP');

INSERT INTO TECNICO VALUES ('TC0001','Maria','Matilde Moreira da Silva','15849762','1975-03-03','SOL','968574321','M2');
INSERT INTO TECNICO VALUES ('TC0002','Bruno','Miguel Sequeira dos Santos','1247859','1993-09-04','SOL','912485777','M37');
INSERT INTO TECNICO VALUES ('TC0003','Diogo','Cardetas Banha','14556298','1969-12-25','VIU','925876387','M22');
INSERT INTO TECNICO VALUES ('TC0004','Daniel','Lopes Oliveira','15248488','1985-10-14','CAS','938542222','M33');
INSERT INTO TECNICO VALUES ('TC0005','João','Moreira Costa','14789562','1988-07-06','SEP','96857435','M32');
INSERT INTO TECNICO VALUES ('TC0006','Joana','Almira Pinto','16542525','1991-11-13','CAS','968777545','M39');
INSERT INTO TECNICO VALUES ('TC0007','Beatriz','Sousa da Gama','15121415','1995-08-29','SOL','927984988','M18');
INSERT INTO TECNICO VALUES ('TC0008','Afonso','Eduardo Antunes do Olival','17181415','1950-10-20','CAS','913158425','M16');
INSERT INTO TECNICO VALUES ('TC0009','Isabel','de Sousa Alves','14125566','1986-02-28','DIV','919592963','M3');
INSERT INTO TECNICO VALUES ('TC0010','Diogo','Marques Braga','15748596','1972-03-31','CAS','929999555','M26');
INSERT INTO TECNICO VALUES ('TC0011','Ana','Mateus Braga','14151415','1975-01-01','CAS','967487555','M26');
INSERT INTO TECNICO VALUES ('TC0012','Santiago','Ricardo Barros Nunes','14747474','1990-05-07','CAS','969595999','M4');
INSERT INTO TECNICO VALUES ('TC0013','Francisco','Ruivaco Gomes','15899992','1984-04-02','VIU','928545555','M14');
INSERT INTO TECNICO VALUES ('TC0014','Henrique','Fernardes Leite','12151212','1979-07-12','SOL','919888954','M38');
INSERT INTO TECNICO VALUES ('TC0015','Martim','Teixeira Jesus','16558877','1978-01-31','CAS','967411963','M28');

INSERT INTO UTENTE VALUES ('UT0001','Matilde','Gomes Ferreira Fernandes', '198152367','152034789','287896327','2014-02-18','937142830', 'SOL', 'Nenhuma','F','Isabel', 'Ferreira Fernandes', '932846344', 'M19');
INSERT INTO UTENTE VALUES ('UT0002','Isabel','Ferreira Fernandes', '198752446','14654611','230896547','1995-09-21','932846344', 'CAS', 'Estudante de Doutoramento','F', 'Filipe', 'Gomes Fernandes', '937142830', 'M19');
INSERT INTO UTENTE VALUES ('UT0003','Filipe','Gomes Fernandes', '197442006','157742963','254789611','1995-06-03','937142830', 'CAS', 'Metalurgico','M', 'Isabel', 'Ferreira Fernandes', '932846344', 'M19');
INSERT INTO UTENTE VALUES ('UT0004','Fátima','da Silva Vieira', '197284309','148963002','210896300','1989-08-04','917509843', 'CAS', 'Modelista','F', 'António', 'da Silva Costa', '963210025', 'M5');
INSERT INTO UTENTE VALUES ('UT0005','António','da Silva Vieira', '197533014','130447896','210896334','1988-10-07','963210025', 'CAS', 'Engenhiero Agronomo','M', 'Fátima', 'da Silva Costa', '917509843', 'M5');
INSERT INTO UTENTE VALUES ('UT0006','Beatriz','Barbosa Campos', '201478963','15742039','210225897','1992-05-20','918752267', 'SOL', 'Médica Dentista','F', 'Fernanda', 'Sousa Leite', '969801967', 'M40');
INSERT INTO UTENTE VALUES ('UT0007','Marco','Ricardo Sousa', '198520093','148963201','230544789','1998-12-18','917532209', 'SOL', 'Estudante', 'M','Maria', 'Abreu Nunes', '968574123', 'M7');
INSERT INTO UTENTE VALUES ('UT0008','Rafael','Costa Mineiro', '201477896','15752011','250036987','1995-06-25','927536844', 'SOL', 'Funcionário Textil', 'M','João', 'Martins Silva', '963210478', 'M36');
INSERT INTO UTENTE VALUES ('UT0009','Jenifer','Raquel Duarte', '210597754','14896302','234789620','1993-06-15','918744569', 'SEP', 'Fotografa','F', 'Susana', 'Barbosa Guilherme', '963300247', 'M29');
INSERT INTO UTENTE VALUES ('UT0010','Glória','de Sousa Bastos', '198555204','15244789','21057963','1940-05-23','253964785', 'CAS', 'Reformada', 'F','Cândido', 'Manuel Oliveira', '961230475', 'M8');
INSERT INTO UTENTE VALUES ('UT0011','Cândido','Manuel Oliveira', '196633220','14203357','250114789','2014-02-18','961230475', 'CAS', 'Reformado','M', 'Glória', 'de Sousa Bastos', '253964785', 'M8');
INSERT INTO UTENTE VALUES ('UT0012','Ricardo','Rosa Tomé', '195220147','14896552','203314789','1992-02-29','915882463', 'CAS', 'Engenheiro Informatico','M', 'Aurora', 'Loureiro Lopes', '912225697', 'M24');
INSERT INTO UTENTE VALUES ('UT0013','Luana','Sousa Anjo', '15220014','152034789','210044778','2005-04-30','936542218', 'SOL', 'Estudante', 'F','Ana', 'Marques Peixoto', '963399874', 'M27');
INSERT INTO UTENTE VALUES ('UT0014','Mia','Filipa Sousa Anjo', '196632001','14552201','230144785','2003-07-25','932214578', 'SOL', 'Estudante','F', 'Ana', 'Marques Peixoto', '963399874', 'M27');
INSERT INTO UTENTE VALUES ('UT0015','Joaquim','Domingues Gonçalves', '201477558','15220334','25668741','1974-11-30','966547420', 'DIV', 'Engenheiro Textil','M', 'Filipa', 'de Sousa Fernandes', '926654873', 'M34');

INSERT INTO CONSULTA VALUES ('2020-01-28 10:00', 'MD0015', 'UT0001','U101');
INSERT INTO CONSULTA VALUES ('2020-02-08 10:30', 'MD0001', 'UT0001','U102');
INSERT INTO CONSULTA VALUES ('2020-01-30 09:30', 'MD0014', 'UT0002','U103');
INSERT INTO CONSULTA VALUES ('2020-01-29 14:30', 'MD0002', 'UT0003','U104');
INSERT INTO CONSULTA VALUES ('2020-01-31 16:00', 'MD0013', 'UT0004','U105');
INSERT INTO CONSULTA VALUES ('2020-01-31 11:30', 'MD0003', 'UT0005','U106');
INSERT INTO CONSULTA VALUES ('2020-02-01 15:00', 'MD0012', 'UT0006','U001');
INSERT INTO CONSULTA VALUES ('2020-02-01 09:00', 'MD0004', 'UT0007','U002');
INSERT INTO CONSULTA VALUES ('2020-01-30 17:30', 'MD0011', 'UT0008','U003');
INSERT INTO CONSULTA VALUES ('2020-02-04 09:00', 'MD0005', 'UT0009','U004');
INSERT INTO CONSULTA VALUES ('2020-01-28 09:00', 'MD0006', 'UT0010','U005');
INSERT INTO CONSULTA VALUES ('2020-02-05 16:30', 'MD0009', 'UT0010','U006');
INSERT INTO CONSULTA VALUES ('2020-01-30 09:30', 'MD0010', 'UT0011','U007');
INSERT INTO CONSULTA VALUES ('2020-02-07 15:00', 'MD0007', 'UT0011','U008');
INSERT INTO CONSULTA VALUES ('2020-02-08 11:00', 'MD0008', 'UT0012','U009');
INSERT INTO CONSULTA VALUES ('2020-02-01 09:30', 'MD0004', 'UT0013','U002');
INSERT INTO CONSULTA VALUES ('2020-01-28 09:00', 'MD0015', 'UT0014','U101');
INSERT INTO CONSULTA VALUES ('2020-02-04 10:00', 'MD0005', 'UT0007','U004');
INSERT INTO CONSULTA VALUES ('2020-01-29 09:00', 'MD0007', 'UT0015','U009');
INSERT INTO CONSULTA VALUES ('2020-02-07 11:30', 'MD0009', 'UT0015','U006');

INSERT INTO EXAME VALUES ('2020-01-30 09:00','U010','TC0001','UT0010','MD0006','RAD14',preco('RAD14'));
INSERT INTO EXAME VALUES ('2020-01-30 09:00','D101','TC0002','UT0014','MD0015','TAC02',preco('TAC02'));
INSERT INTO EXAME VALUES ('2020-01-30 10:00','U201','TC0003','UT0010','MD0006','RAD12',preco('RAD12'));
INSERT INTO EXAME VALUES ('2020-01-30 11:00','U011','TC0004','UT0010','MD0006','ECO08',preco('ECO08'));
INSERT INTO EXAME VALUES ('2020-01-31 10:00','D102','TC0005','UT0001','MD0001','RAD17',preco('RAD17'));
INSERT INTO EXAME VALUES ('2020-01-31 10:00','U202','TC0006','UT0001','MD0015','RAD17',preco('RAD17'));
INSERT INTO EXAME VALUES ('2020-01-31 11:00','U107','TC0007','UT0015','MD0007','REM04',preco('REM04'));
INSERT INTO EXAME VALUES ('2020-02-01 11:00','D103','TC0008','UT0003','MD0002','ECO06',preco('ECO06'));
INSERT INTO EXAME VALUES ('2020-02-01 12:00','U203','TC0009','UT0011','MD0010','RAD21',preco('RAD21'));
INSERT INTO EXAME VALUES ('2020-02-04 12:00','U108','TC0010','UT0002','MD0014','TAC09',preco('TAC09'));
INSERT INTO EXAME VALUES ('2020-02-04 14:00','D104','TC0011','UT0008','MD0011','REM03',preco('REM03'));
INSERT INTO EXAME VALUES ('2020-02-05 14:00','U204','TC0012','UT0005','MD0003','ECO01',preco('ECO01'));
INSERT INTO EXAME VALUES ('2020-02-05 14:00','U109','TC0013','UT0004','MD0013','TAC01',preco('TAC01'));
INSERT INTO EXAME VALUES ('2020-02-06 15:00','D104','TC0014','UT0007','MD0004','RAD16',preco('RAD16'));
INSERT INTO EXAME VALUES ('2020-02-06 16:00','U205','TC0015','UT0007','MD0004','ECO05',preco('ECO05'));
INSERT INTO EXAME VALUES ('2020-02-07 16:00','U010','TC0001','UT0013','MD0004','RAD01',preco('RAD01'));
INSERT INTO EXAME VALUES ('2020-02-07 15:00','D106','TC0002','UT0006','MD0012','TAC13',preco('TAC13'));
INSERT INTO EXAME VALUES ('2020-02-08 14:00','U206','TC0003','UT0009','MD0005','ECO10',preco('ECO10'));
INSERT INTO EXAME VALUES ('2020-02-08 15:00','U011','TC0004','UT0009','MD0005','RAD15',preco('RAD15'));
INSERT INTO EXAME VALUES ('2020-02-11 12:00','D107','TC0005','UT0010','MD0006','TAC15',preco('TAC15'));
INSERT INTO EXAME VALUES ('2020-02-11 11:00','U207','TC0006','UT0007','MD0005','RAD06',preco('RAD06'));
INSERT INTO EXAME VALUES ('2020-02-12 10:00','U107','TC0007','UT0015','MD0009','TAC06',preco('TAC06'));
INSERT INTO EXAME VALUES ('2020-02-12 09:00','D101','TC0008','UT0010','MD0009','RAD20',preco('RAD20'));
INSERT INTO EXAME VALUES ('2020-02-13 11:00','U208','TC0009','UT0011','MD0010','REM01',preco('REM01'));
INSERT INTO EXAME VALUES ('2020-02-13 12:00','U108','TC0010','UT0015','MD0007','RAD13',preco('RAD13'));
INSERT INTO EXAME VALUES ('2020-02-14 09:00','D104','TC0011','UT0015','MD0009','RAD13',preco('RAD13'));
INSERT INTO EXAME VALUES ('2020-02-14 15:00','U011','TC0012','UT0011','MD0007','RAD02',preco('RAD02'));
INSERT INTO EXAME VALUES ('2020-02-15 16:00','D106','TC0013','UT0001','MD0001','RAD07',preco('RAD07'));
INSERT INTO EXAME VALUES ('2020-02-15 12:00','U108','TC0014','UT0012','MD0008','RAD11',preco('RAD11'));
INSERT INTO EXAME VALUES ('2020-02-15 11:00','U109','TC0015','UT0012','MD0008','RAD21',preco('RAD21'));